{"nodes":null,"selection":null,"view":{"scroll":{"x":814.91339111328125,"y":-6.34533280390314758e-05},"visible_rect":{"max":{"x":827.14251708984375,"y":631.0001220703125},"min":{"x":783.85748291015625,"y":-6.103515625e-05}},"zoom":1.0396193265914917}}