{"nodes":{"node:1":{"location":{"x":-402,"y":898}},"node:14":{"location":{"x":263,"y":436}},"node:3":{"location":{"x":-222,"y":148}},"node:30":{"location":{"x":-433,"y":466}},"node:32":{"location":{"x":-430,"y":348}},"node:34":{"location":{"x":-430,"y":572}},"node:36":{"location":{"x":-426,"y":692}},"node:41":{"location":{"x":654,"y":702}},"node:44":{"location":{"x":990,"y":738}},"node:46":{"location":{"x":-81,"y":834}},"node:5":{"location":{"x":250,"y":14}},"node:56":{"location":{"x":-769,"y":1138}},"node:58":{"location":{"x":-403,"y":1170}},"node:61":{"location":{"x":-19,"y":1266}},"node:63":{"location":{"x":494,"y":926}},"node:68":{"location":{"x":1166,"y":882}},"node:70":{"location":{"x":-19,"y":1362}},"node:72":{"location":{"x":494,"y":1090}},"node:77":{"location":{"x":1166,"y":978}},"node:9":{"location":{"x":990,"y":626}}},"selection":null,"view":{"scroll":{"x":416.688385009765625,"y":882.9351806640625},"visible_rect":{"max":{"x":429.709991455078125,"y":1251.779541015625},"min":{"x":387.826873779296875,"y":821.779541015625}},"zoom":1.07441854476928711}}