{"nodes":{"node:1":{"location":{"x":-402,"y":898}},"node:14":{"location":{"x":254,"y":500}},"node:3":{"location":{"x":-222,"y":148}},"node:30":{"location":{"x":-433,"y":466}},"node:32":{"location":{"x":-430,"y":348}},"node:34":{"location":{"x":-430,"y":572}},"node:36":{"location":{"x":-426,"y":692}},"node:41":{"location":{"x":654,"y":702}},"node:44":{"location":{"x":990,"y":738}},"node:46":{"location":{"x":-81,"y":834}},"node:5":{"location":{"x":250,"y":14}},"node:56":{"location":{"x":-769,"y":1138}},"node:58":{"location":{"x":-403,"y":1170}},"node:61":{"location":{"x":-19,"y":1266}},"node:63":{"location":{"x":494,"y":926}},"node:68":{"location":{"x":1166,"y":882}},"node:70":{"location":{"x":-19,"y":1362}},"node:72":{"location":{"x":494,"y":1090}},"node:77":{"location":{"x":1166,"y":978}},"node:9":{"location":{"x":990,"y":626}}},"selection":["link:48"],"view":{"scroll":{"x":202.045501708984375,"y":222.708770751953125},"visible_rect":{"max":{"x":443.4171142578125,"y":1309.7398681640625},"min":{"x":362.64752197265625,"y":399.735595703125}},"zoom":0.557140171527862549}}