{"nodes":{"node:1":{"location":{"x":-634,"y":-119}},"node:6":{"location":{"x":-219,"y":-55}}},"selection":null,"view":{"scroll":{"x":-953.5980224609375,"y":-223.353958129882812},"visible_rect":{"max":{"x":239.601348876953125,"y":137.7640380859375},"min":{"x":-635.73211669921875,"y":-148.90264892578125}},"zoom":1.49999988079071045}}