{"nodes":{"node:1":{"location":{"x":110,"y":46}},"node:10":{"location":{"x":494,"y":194}},"node:16":{"location":{"x":1047,"y":42}},"node:5":{"location":{"x":813,"y":74}},"node:7":{"location":{"x":126,"y":238}}},"selection":null,"view":{"scroll":{"x":3.1329350471496582,"y":-1.9334108829498291},"visible_rect":{"max":{"x":1316.1328125,"y":428.0665283203125},"min":{"x":3.1329345703125,"y":-1.93341064453125}},"zoom":1.00000011920928955}}