{"nodes":{"node:1":{"location":{"x":-290,"y":-110}},"node:105":{"location":{"x":-387,"y":1506}},"node:107":{"location":{"x":46,"y":1512}},"node:113":{"location":{"x":558,"y":1560}},"node:121":{"location":{"x":1022,"y":1554}},"node:124":{"location":{"x":686,"y":206}},"node:15":{"location":{"x":1198,"y":-30}},"node:17":{"location":{"x":1198,"y":82}},"node:19":{"location":{"x":93,"y":290}},"node:29":{"location":{"x":-323,"y":466}},"node:3":{"location":{"x":81,"y":174}},"node:31":{"location":{"x":446,"y":504}},"node:48":{"location":{"x":862,"y":478}},"node:5":{"location":{"x":669,"y":-78}},"node:51":{"location":{"x":-323,"y":658}},"node:53":{"location":{"x":1214,"y":498}},"node:55":{"location":{"x":-273,"y":562}},"node:65":{"location":{"x":-385,"y":994}},"node:67":{"location":{"x":-385,"y":1090}},"node:69":{"location":{"x":62,"y":1054}},"node:73":{"location":{"x":-387,"y":1346}},"node:75":{"location":{"x":-387,"y":1234}},"node:77":{"location":{"x":569,"y":1390}},"node:82":{"location":{"x":569,"y":1208}},"node:87":{"location":{"x":1118,"y":1250}},"node:89":{"location":{"x":1118,"y":1138}}},"selection":null,"view":{"scroll":{"x":619.95648193359375,"y":-0.00235468056052923203},"visible_rect":{"max":{"x":654.1336669921875,"y":725.00225830078125},"min":{"x":609.8660888671875,"y":-0.00231635570526123047}},"zoom":1.01654529571533203}}