{"nodes":{"node:1":{"location":{"x":-290,"y":-110}},"node:10":{"location":{"x":651,"y":168}},"node:101":{"location":{"x":-202,"y":1572}},"node:15":{"location":{"x":1198,"y":-30}},"node:17":{"location":{"x":1198,"y":82}},"node:19":{"location":{"x":93,"y":290}},"node:29":{"location":{"x":-323,"y":466}},"node:3":{"location":{"x":81,"y":174}},"node:31":{"location":{"x":423,"y":534}},"node:48":{"location":{"x":862,"y":478}},"node:5":{"location":{"x":669,"y":-78}},"node:51":{"location":{"x":-323,"y":658}},"node:53":{"location":{"x":1214,"y":498}},"node:55":{"location":{"x":-273,"y":562}},"node:65":{"location":{"x":-385,"y":994}},"node:67":{"location":{"x":-385,"y":1090}},"node:69":{"location":{"x":62,"y":1054}},"node:73":{"location":{"x":-387,"y":1346}},"node:75":{"location":{"x":-387,"y":1234}},"node:77":{"location":{"x":569,"y":1390}},"node:82":{"location":{"x":569,"y":1208}},"node:87":{"location":{"x":1118,"y":1250}},"node:89":{"location":{"x":1118,"y":1138}}},"selection":null,"view":{"scroll":{"x":380.482147216796875,"y":-0.00139179255347698927},"visible_rect":{"max":{"x":565.92706298828125,"y":681.001220703125},"min":{"x":506.07330322265625,"y":-0.00185120129026472569}},"zoom":0.751832067966461182}}